"filename", "language", "JSON", "Markdown", "JSON with Comments", "TypeScript", "Properties", "Ignore", "HTML", "Docker", "XML", "Shell Script", "YAML", "TypeScript JSX", "comment", "blank", "total"
"/Users/sheep/Desktop/web3_projects/zkevm-bridge-ui/.dockerignore", "Ignore", 0, 0, 0, 0, 0, 10, 0, 0, 0, 0, 0, 0, 7, 7, 24
"/Users/sheep/Desktop/web3_projects/zkevm-bridge-ui/.github/CONTIBUTING.md", "Markdown", 0, 14, 0, 0, 0, 0, 0, 0, 0, 0, 0, 0, 0, 5, 19
"/Users/sheep/Desktop/web3_projects/zkevm-bridge-ui/.github/ISSUE_TEMPLATE/bug.md", "Markdown", 0, 16, 0, 0, 0, 0, 0, 0, 0, 0, 0, 0, 0, 8, 24
"/Users/sheep/Desktop/web3_projects/zkevm-bridge-ui/.github/ISSUE_TEMPLATE/config.yml", "YAML", 0, 0, 0, 0, 0, 0, 0, 0, 0, 0, 11, 0, 0, 1, 12
"/Users/sheep/Desktop/web3_projects/zkevm-bridge-ui/.github/ISSUE_TEMPLATE/feature.md", "Markdown", 0, 9, 0, 0, 0, 0, 0, 0, 0, 0, 0, 0, 5, 4, 18
"/Users/sheep/Desktop/web3_projects/zkevm-bridge-ui/.github/PULL_REQUEST_TEMPLATE.md", "Markdown", 0, 10, 0, 0, 0, 0, 0, 0, 0, 0, 0, 0, 2, 9, 21
"/Users/sheep/Desktop/web3_projects/zkevm-bridge-ui/.github/PULL_REQUEST_TEMPLATE/develop.md", "Markdown", 0, 10, 0, 0, 0, 0, 0, 0, 0, 0, 0, 0, 2, 9, 21
"/Users/sheep/Desktop/web3_projects/zkevm-bridge-ui/.github/PULL_REQUEST_TEMPLATE/main.md", "Markdown", 0, 6, 0, 0, 0, 0, 0, 0, 0, 0, 0, 0, 0, 5, 11
"/Users/sheep/Desktop/web3_projects/zkevm-bridge-ui/.github/workflows/push-docker-develop.yml", "YAML", 0, 0, 0, 0, 0, 0, 0, 0, 0, 0, 26, 0, 0, 6, 32
"/Users/sheep/Desktop/web3_projects/zkevm-bridge-ui/.github/workflows/push-docker-main.yml", "YAML", 0, 0, 0, 0, 0, 0, 0, 0, 0, 0, 26, 0, 0, 6, 32
"/Users/sheep/Desktop/web3_projects/zkevm-bridge-ui/.github/workflows/sonarqube.yml", "YAML", 0, 0, 0, 0, 0, 0, 0, 0, 0, 0, 17, 0, 2, 4, 23
"/Users/sheep/Desktop/web3_projects/zkevm-bridge-ui/.idea/codeStyles/Project.xml", "XML", 0, 0, 0, 0, 0, 0, 0, 0, 13, 0, 0, 0, 0, 0, 13
"/Users/sheep/Desktop/web3_projects/zkevm-bridge-ui/.idea/codeStyles/codeStyleConfig.xml", "XML", 0, 0, 0, 0, 0, 0, 0, 0, 5, 0, 0, 0, 0, 0, 5
"/Users/sheep/Desktop/web3_projects/zkevm-bridge-ui/.idea/deployment.xml", "XML", 0, 0, 0, 0, 0, 0, 0, 0, 14, 0, 0, 0, 0, 0, 14
"/Users/sheep/Desktop/web3_projects/zkevm-bridge-ui/.idea/inspectionProfiles/Project_Default.xml", "XML", 0, 0, 0, 0, 0, 0, 0, 0, 6, 0, 0, 0, 0, 0, 6
"/Users/sheep/Desktop/web3_projects/zkevm-bridge-ui/.idea/misc.xml", "XML", 0, 0, 0, 0, 0, 0, 0, 0, 6, 0, 0, 0, 0, 0, 6
"/Users/sheep/Desktop/web3_projects/zkevm-bridge-ui/.idea/modules.xml", "XML", 0, 0, 0, 0, 0, 0, 0, 0, 8, 0, 0, 0, 0, 0, 8
"/Users/sheep/Desktop/web3_projects/zkevm-bridge-ui/.idea/sshConfigs.xml", "XML", 0, 0, 0, 0, 0, 0, 0, 0, 8, 0, 0, 0, 0, 0, 8
"/Users/sheep/Desktop/web3_projects/zkevm-bridge-ui/.idea/vcs.xml", "XML", 0, 0, 0, 0, 0, 0, 0, 0, 6, 0, 0, 0, 0, 0, 6
"/Users/sheep/Desktop/web3_projects/zkevm-bridge-ui/.idea/webServers.xml", "XML", 0, 0, 0, 0, 0, 0, 0, 0, 14, 0, 0, 0, 0, 0, 14
"/Users/sheep/Desktop/web3_projects/zkevm-bridge-ui/.idea/zkevm-bridge-ui.iml", "XML", 0, 0, 0, 0, 0, 0, 0, 0, 8, 0, 0, 0, 0, 0, 8
"/Users/sheep/Desktop/web3_projects/zkevm-bridge-ui/.prettierignore", "Ignore", 0, 0, 0, 0, 0, 9, 0, 0, 0, 0, 0, 0, 2, 1, 12
"/Users/sheep/Desktop/web3_projects/zkevm-bridge-ui/.prettierrc.json", "JSON", 4, 0, 0, 0, 0, 0, 0, 0, 0, 0, 0, 0, 0, 1, 5
"/Users/sheep/Desktop/web3_projects/zkevm-bridge-ui/Dockerfile", "Docker", 0, 0, 0, 0, 0, 0, 0, 10, 0, 0, 0, 0, 0, 8, 18
"/Users/sheep/Desktop/web3_projects/zkevm-bridge-ui/README.md", "Markdown", 0, 64, 0, 0, 0, 0, 0, 0, 0, 0, 0, 0, 0, 24, 88
"/Users/sheep/Desktop/web3_projects/zkevm-bridge-ui/abis/bridge.json", "JSON", 774, 0, 0, 0, 0, 0, 0, 0, 0, 0, 0, 0, 0, 1, 775
"/Users/sheep/Desktop/web3_projects/zkevm-bridge-ui/abis/erc-20.json", "JSON", 386, 0, 0, 0, 0, 0, 0, 0, 0, 0, 0, 0, 0, 1, 387
"/Users/sheep/Desktop/web3_projects/zkevm-bridge-ui/abis/proof-of-efficiency.json", "JSON", 1645, 0, 0, 0, 0, 0, 0, 0, 0, 0, 0, 0, 0, 1, 1646
"/Users/sheep/Desktop/web3_projects/zkevm-bridge-ui/abis/uniswap-v2-pair.json", "JSON", 707, 0, 0, 0, 0, 0, 0, 0, 0, 0, 0, 0, 0, 1, 708
"/Users/sheep/Desktop/web3_projects/zkevm-bridge-ui/abis/uniswap-v2-router-02.json", "JSON", 953, 0, 0, 0, 0, 0, 0, 0, 0, 0, 0, 0, 0, 1, 954
"/Users/sheep/Desktop/web3_projects/zkevm-bridge-ui/deployment/nginx.conf", "Properties", 0, 0, 0, 0, 13, 0, 0, 0, 0, 0, 0, 0, 1, 3, 17
"/Users/sheep/Desktop/web3_projects/zkevm-bridge-ui/index.html", "HTML", 0, 0, 0, 0, 0, 0, 24, 0, 0, 0, 0, 0, 0, 1, 25
"/Users/sheep/Desktop/web3_projects/zkevm-bridge-ui/package-lock.json", "JSON", 14219, 0, 0, 0, 0, 0, 0, 0, 0, 0, 0, 0, 0, 1, 14220
"/Users/sheep/Desktop/web3_projects/zkevm-bridge-ui/package.json", "JSON", 82, 0, 0, 0, 0, 0, 0, 0, 0, 0, 0, 0, 0, 1, 83
"/Users/sheep/Desktop/web3_projects/zkevm-bridge-ui/public/manifest.json", "JSON", 20, 0, 0, 0, 0, 0, 0, 0, 0, 0, 0, 0, 0, 2, 22
"/Users/sheep/Desktop/web3_projects/zkevm-bridge-ui/scripts/generate-contract-types.sh", "Shell Script", 0, 0, 0, 0, 0, 0, 0, 0, 0, 7, 0, 0, 5, 6, 18
"/Users/sheep/Desktop/web3_projects/zkevm-bridge-ui/sonar-project.properties", "Properties", 0, 0, 0, 0, 1, 0, 0, 0, 0, 0, 0, 0, 0, 1, 2
"/Users/sheep/Desktop/web3_projects/zkevm-bridge-ui/src/adapters/bridge-api.ts", "TypeScript", 0, 0, 0, 217, 0, 0, 0, 0, 0, 0, 0, 0, 0, 21, 238
"/Users/sheep/Desktop/web3_projects/zkevm-bridge-ui/src/adapters/browser.ts", "TypeScript", 0, 0, 0, 5, 0, 0, 0, 0, 0, 0, 0, 0, 0, 4, 9
"/Users/sheep/Desktop/web3_projects/zkevm-bridge-ui/src/adapters/env.ts", "TypeScript", 0, 0, 0, 285, 0, 0, 0, 0, 0, 0, 0, 0, 0, 26, 311
"/Users/sheep/Desktop/web3_projects/zkevm-bridge-ui/src/adapters/error.ts", "TypeScript", 0, 0, 0, 132, 0, 0, 0, 0, 0, 0, 0, 0, 4, 15, 151
"/Users/sheep/Desktop/web3_projects/zkevm-bridge-ui/src/adapters/ethereum.ts", "TypeScript", 0, 0, 0, 334, 0, 0, 0, 0, 0, 0, 0, 0, 0, 44, 378
"/Users/sheep/Desktop/web3_projects/zkevm-bridge-ui/src/adapters/fiat-exchange-rates-api.ts", "TypeScript", 0, 0, 0, 97, 0, 0, 0, 0, 0, 0, 0, 0, 0, 13, 110
"/Users/sheep/Desktop/web3_projects/zkevm-bridge-ui/src/adapters/storage.ts", "TypeScript", 0, 0, 0, 205, 0, 0, 0, 0, 0, 0, 0, 0, 6, 30, 241
"/Users/sheep/Desktop/web3_projects/zkevm-bridge-ui/src/adapters/tokens.ts", "TypeScript", 0, 0, 0, 27, 0, 0, 0, 0, 0, 0, 0, 0, 1, 4, 32
"/Users/sheep/Desktop/web3_projects/zkevm-bridge-ui/src/assets/background-pattern.svg", "XML", 0, 0, 0, 0, 0, 0, 0, 0, 15, 0, 0, 0, 0, 1, 16
"/Users/sheep/Desktop/web3_projects/zkevm-bridge-ui/src/assets/ethereum-erc20-tokens.json", "JSON", 26, 0, 0, 0, 0, 0, 0, 0, 0, 0, 0, 0, 0, 1, 27
"/Users/sheep/Desktop/web3_projects/zkevm-bridge-ui/src/assets/ethereum-erc20-tokens.ts", "TypeScript", 0, 0, 0, 190, 0, 0, 0, 0, 0, 0, 0, 0, 11, 3, 204
"/Users/sheep/Desktop/web3_projects/zkevm-bridge-ui/src/assets/icons/arrow-down.svg", "XML", 0, 0, 0, 0, 0, 0, 0, 0, 5, 0, 0, 0, 0, 1, 6
"/Users/sheep/Desktop/web3_projects/zkevm-bridge-ui/src/assets/icons/arrow-left.svg", "XML", 0, 0, 0, 0, 0, 0, 0, 0, 5, 0, 0, 0, 0, 1, 6
"/Users/sheep/Desktop/web3_projects/zkevm-bridge-ui/src/assets/icons/arrow-right.svg", "XML", 0, 0, 0, 0, 0, 0, 0, 0, 16, 0, 0, 0, 0, 1, 17
"/Users/sheep/Desktop/web3_projects/zkevm-bridge-ui/src/assets/icons/caret-down-old.svg", "XML", 0, 0, 0, 0, 0, 0, 0, 0, 3, 0, 0, 0, 0, 1, 4
"/Users/sheep/Desktop/web3_projects/zkevm-bridge-ui/src/assets/icons/caret-down.svg", "XML", 0, 0, 0, 0, 0, 0, 0, 0, 19, 0, 0, 0, 0, 1, 20
"/Users/sheep/Desktop/web3_projects/zkevm-bridge-ui/src/assets/icons/caret-right.svg", "XML", 0, 0, 0, 0, 0, 0, 0, 0, 4, 0, 0, 0, 0, 1, 5
"/Users/sheep/Desktop/web3_projects/zkevm-bridge-ui/src/assets/icons/chains/arbitrum.svg", "XML", 0, 0, 0, 0, 0, 0, 0, 0, 20, 0, 0, 0, 0, 1, 21
"/Users/sheep/Desktop/web3_projects/zkevm-bridge-ui/src/assets/icons/chains/ethereum.svg", "XML", 0, 0, 0, 0, 0, 0, 0, 0, 14, 0, 0, 0, 0, 1, 15
"/Users/sheep/Desktop/web3_projects/zkevm-bridge-ui/src/assets/icons/chains/vizing-zkevm.svg", "XML", 0, 0, 0, 0, 0, 0, 0, 0, 10, 0, 0, 0, 0, 1, 11
"/Users/sheep/Desktop/web3_projects/zkevm-bridge-ui/src/assets/icons/checkbox-checked.svg", "XML", 0, 0, 0, 0, 0, 0, 0, 0, 4, 0, 0, 0, 0, 1, 5
"/Users/sheep/Desktop/web3_projects/zkevm-bridge-ui/src/assets/icons/checkbox-unchecked.svg", "XML", 0, 0, 0, 0, 0, 0, 0, 0, 3, 0, 0, 0, 0, 1, 4
"/Users/sheep/Desktop/web3_projects/zkevm-bridge-ui/src/assets/icons/clock.svg", "XML", 0, 0, 0, 0, 0, 0, 0, 0, 4, 0, 0, 0, 0, 1, 5
"/Users/sheep/Desktop/web3_projects/zkevm-bridge-ui/src/assets/icons/copy.svg", "XML", 0, 0, 0, 0, 0, 0, 0, 0, 3, 0, 0, 0, 0, 1, 4
"/Users/sheep/Desktop/web3_projects/zkevm-bridge-ui/src/assets/icons/currencies/cny.svg", "XML", 0, 0, 0, 0, 0, 0, 0, 0, 10, 0, 0, 0, 0, 1, 11
"/Users/sheep/Desktop/web3_projects/zkevm-bridge-ui/src/assets/icons/currencies/eur.svg", "XML", 0, 0, 0, 0, 0, 0, 0, 0, 123, 0, 0, 0, 0, 1, 124
"/Users/sheep/Desktop/web3_projects/zkevm-bridge-ui/src/assets/icons/currencies/gbp.svg", "XML", 0, 0, 0, 0, 0, 0, 0, 0, 9, 0, 0, 0, 0, 1, 10
"/Users/sheep/Desktop/web3_projects/zkevm-bridge-ui/src/assets/icons/currencies/jpy.svg", "XML", 0, 0, 0, 0, 0, 0, 0, 0, 11, 0, 0, 0, 0, 1, 12
"/Users/sheep/Desktop/web3_projects/zkevm-bridge-ui/src/assets/icons/currencies/usd.svg", "XML", 0, 0, 0, 0, 0, 0, 0, 0, 13, 0, 0, 0, 0, 1, 14
"/Users/sheep/Desktop/web3_projects/zkevm-bridge-ui/src/assets/icons/currency-conversion.svg", "XML", 0, 0, 0, 0, 0, 0, 0, 0, 4, 0, 0, 0, 0, 1, 5
"/Users/sheep/Desktop/web3_projects/zkevm-bridge-ui/src/assets/icons/delete.svg", "XML", 0, 0, 0, 0, 0, 0, 0, 0, 3, 0, 0, 0, 0, 1, 4
"/Users/sheep/Desktop/web3_projects/zkevm-bridge-ui/src/assets/icons/error.svg", "XML", 0, 0, 0, 0, 0, 0, 0, 0, 1, 0, 0, 0, 0, 0, 1
"/Users/sheep/Desktop/web3_projects/zkevm-bridge-ui/src/assets/icons/icon-back.svg", "XML", 0, 0, 0, 0, 0, 0, 0, 0, 19, 0, 0, 0, 0, 1, 20
"/Users/sheep/Desktop/web3_projects/zkevm-bridge-ui/src/assets/icons/info.svg", "XML", 0, 0, 0, 0, 0, 0, 0, 0, 3, 0, 0, 0, 0, 1, 4
"/Users/sheep/Desktop/web3_projects/zkevm-bridge-ui/src/assets/icons/l1-bridge.svg", "XML", 0, 0, 0, 0, 0, 0, 0, 0, 6, 0, 0, 0, 0, 1, 7
"/Users/sheep/Desktop/web3_projects/zkevm-bridge-ui/src/assets/icons/l2-bridge.svg", "XML", 0, 0, 0, 0, 0, 0, 0, 0, 6, 0, 0, 0, 0, 1, 7
"/Users/sheep/Desktop/web3_projects/zkevm-bridge-ui/src/assets/icons/logout.svg", "XML", 0, 0, 0, 0, 0, 0, 0, 0, 3, 0, 0, 0, 0, 1, 4
"/Users/sheep/Desktop/web3_projects/zkevm-bridge-ui/src/assets/icons/magnifying-glass.svg", "XML", 0, 0, 0, 0, 0, 0, 0, 0, 3, 0, 0, 0, 0, 1, 4
"/Users/sheep/Desktop/web3_projects/zkevm-bridge-ui/src/assets/icons/metamask.svg", "XML", 0, 0, 0, 0, 0, 0, 0, 0, 60, 0, 0, 0, 1, 1, 62
"/Users/sheep/Desktop/web3_projects/zkevm-bridge-ui/src/assets/icons/new-window.svg", "XML", 0, 0, 0, 0, 0, 0, 0, 0, 4, 0, 0, 0, 0, 1, 5
"/Users/sheep/Desktop/web3_projects/zkevm-bridge-ui/src/assets/icons/polygon-hermez.svg", "XML", 0, 0, 0, 0, 0, 0, 0, 0, 7, 0, 0, 0, 0, 1, 8
"/Users/sheep/Desktop/web3_projects/zkevm-bridge-ui/src/assets/icons/search.svg", "XML", 0, 0, 0, 0, 0, 0, 0, 0, 3, 0, 0, 0, 0, 1, 4
"/Users/sheep/Desktop/web3_projects/zkevm-bridge-ui/src/assets/icons/setting.svg", "XML", 0, 0, 0, 0, 0, 0, 0, 0, 3, 0, 0, 0, 0, 1, 4
"/Users/sheep/Desktop/web3_projects/zkevm-bridge-ui/src/assets/icons/spinner.svg", "XML", 0, 0, 0, 0, 0, 0, 0, 0, 10, 0, 0, 0, 0, 1, 11
"/Users/sheep/Desktop/web3_projects/zkevm-bridge-ui/src/assets/icons/success.svg", "XML", 0, 0, 0, 0, 0, 0, 0, 0, 3, 0, 0, 0, 0, 1, 4
"/Users/sheep/Desktop/web3_projects/zkevm-bridge-ui/src/assets/icons/tokens/erc20-icon.svg", "XML", 0, 0, 0, 0, 0, 0, 0, 0, 9, 0, 0, 0, 0, 1, 10
"/Users/sheep/Desktop/web3_projects/zkevm-bridge-ui/src/assets/icons/walletconnect.svg", "XML", 0, 0, 0, 0, 0, 0, 0, 0, 11, 0, 0, 0, 1, 0, 12
"/Users/sheep/Desktop/web3_projects/zkevm-bridge-ui/src/assets/icons/warning.svg", "XML", 0, 0, 0, 0, 0, 0, 0, 0, 3, 0, 0, 0, 0, 1, 4
"/Users/sheep/Desktop/web3_projects/zkevm-bridge-ui/src/assets/icons/withdraw-pending.svg", "XML", 0, 0, 0, 0, 0, 0, 0, 0, 9, 0, 0, 0, 0, 1, 10
"/Users/sheep/Desktop/web3_projects/zkevm-bridge-ui/src/assets/icons/withdraw-success.svg", "XML", 0, 0, 0, 0, 0, 0, 0, 0, 7, 0, 0, 0, 0, 1, 8
"/Users/sheep/Desktop/web3_projects/zkevm-bridge-ui/src/assets/icons/xmark.svg", "XML", 0, 0, 0, 0, 0, 0, 0, 0, 8, 0, 0, 0, 0, 1, 9
"/Users/sheep/Desktop/web3_projects/zkevm-bridge-ui/src/assets/vizing-logo-old.svg", "XML", 0, 0, 0, 0, 0, 0, 0, 0, 12, 0, 0, 0, 0, 1, 13
"/Users/sheep/Desktop/web3_projects/zkevm-bridge-ui/src/assets/vizing-logo.svg", "XML", 0, 0, 0, 0, 0, 0, 0, 0, 18, 0, 0, 0, 0, 1, 19
"/Users/sheep/Desktop/web3_projects/zkevm-bridge-ui/src/constants.ts", "TypeScript", 0, 0, 0, 167, 0, 0, 0, 0, 0, 0, 0, 0, 1, 35, 203
"/Users/sheep/Desktop/web3_projects/zkevm-bridge-ui/src/contexts/bridge.context.tsx", "TypeScript JSX", 0, 0, 0, 0, 0, 0, 0, 0, 0, 0, 0, 841, 0, 83, 924
"/Users/sheep/Desktop/web3_projects/zkevm-bridge-ui/src/contexts/env.context.tsx", "TypeScript JSX", 0, 0, 0, 0, 0, 0, 0, 0, 0, 0, 0, 51, 0, 10, 61
"/Users/sheep/Desktop/web3_projects/zkevm-bridge-ui/src/contexts/error.context.tsx", "TypeScript JSX", 0, 0, 0, 0, 0, 0, 0, 0, 0, 0, 0, 30, 0, 12, 42
"/Users/sheep/Desktop/web3_projects/zkevm-bridge-ui/src/contexts/form.context.tsx", "TypeScript JSX", 0, 0, 0, 0, 0, 0, 0, 0, 0, 0, 0, 23, 0, 10, 33
"/Users/sheep/Desktop/web3_projects/zkevm-bridge-ui/src/contexts/price-oracle.context.tsx", "TypeScript JSX", 0, 0, 0, 0, 0, 0, 0, 0, 0, 0, 0, 148, 0, 30, 178
"/Users/sheep/Desktop/web3_projects/zkevm-bridge-ui/src/contexts/providers.context.tsx", "TypeScript JSX", 0, 0, 0, 0, 0, 0, 0, 0, 0, 0, 0, 375, 31, 30, 436
"/Users/sheep/Desktop/web3_projects/zkevm-bridge-ui/src/contexts/tokens.context.tsx", "TypeScript JSX", 0, 0, 0, 0, 0, 0, 0, 0, 0, 0, 0, 310, 13, 33, 356
"/Users/sheep/Desktop/web3_projects/zkevm-bridge-ui/src/contexts/ui.context.tsx", "TypeScript JSX", 0, 0, 0, 0, 0, 0, 0, 0, 0, 0, 0, 63, 0, 14, 77
"/Users/sheep/Desktop/web3_projects/zkevm-bridge-ui/src/domain/index.ts", "TypeScript", 0, 0, 0, 294, 0, 0, 0, 0, 0, 0, 0, 0, 5, 55, 354
"/Users/sheep/Desktop/web3_projects/zkevm-bridge-ui/src/hooks/use-call-if-mounted.ts", "TypeScript", 0, 0, 0, 13, 0, 0, 0, 0, 0, 0, 0, 0, 0, 3, 16
"/Users/sheep/Desktop/web3_projects/zkevm-bridge-ui/src/hooks/use-debounce.ts", "TypeScript", 0, 0, 0, 13, 0, 0, 0, 0, 0, 0, 0, 0, 0, 5, 18
"/Users/sheep/Desktop/web3_projects/zkevm-bridge-ui/src/hooks/use-debounced-block.ts", "TypeScript", 0, 0, 0, 22, 0, 0, 0, 0, 0, 0, 0, 0, 0, 7, 29
"/Users/sheep/Desktop/web3_projects/zkevm-bridge-ui/src/hooks/use-intersection.ts", "TypeScript", 0, 0, 0, 21, 0, 0, 0, 0, 0, 0, 0, 0, 0, 1, 22
"/Users/sheep/Desktop/web3_projects/zkevm-bridge-ui/src/hooks/use-is-mounted.ts", "TypeScript", 0, 0, 0, 11, 0, 0, 0, 0, 0, 0, 0, 0, 0, 5, 16
"/Users/sheep/Desktop/web3_projects/zkevm-bridge-ui/src/main.tsx", "TypeScript JSX", 0, 0, 0, 0, 0, 0, 0, 0, 0, 0, 0, 20, 0, 5, 25
"/Users/sheep/Desktop/web3_projects/zkevm-bridge-ui/src/routes.ts", "TypeScript", 0, 0, 0, 51, 0, 0, 0, 0, 0, 0, 0, 0, 0, 2, 53
"/Users/sheep/Desktop/web3_projects/zkevm-bridge-ui/src/styles/theme.ts", "TypeScript", 0, 0, 0, 58, 0, 0, 0, 0, 0, 0, 0, 0, 1, 2, 61
"/Users/sheep/Desktop/web3_projects/zkevm-bridge-ui/src/utils/addresses.ts", "TypeScript", 0, 0, 0, 15, 0, 0, 0, 0, 0, 0, 0, 0, 0, 7, 22
"/Users/sheep/Desktop/web3_projects/zkevm-bridge-ui/src/utils/amounts.ts", "TypeScript", 0, 0, 0, 30, 0, 0, 0, 0, 0, 0, 0, 0, 0, 6, 36
"/Users/sheep/Desktop/web3_projects/zkevm-bridge-ui/src/utils/browser.ts", "TypeScript", 0, 0, 0, 12, 0, 0, 0, 0, 0, 0, 0, 0, 0, 3, 15
"/Users/sheep/Desktop/web3_projects/zkevm-bridge-ui/src/utils/feature-toggles.ts", "TypeScript", 0, 0, 0, 4, 0, 0, 0, 0, 0, 0, 0, 0, 0, 2, 6
"/Users/sheep/Desktop/web3_projects/zkevm-bridge-ui/src/utils/fees.ts", "TypeScript", 0, 0, 0, 44, 0, 0, 0, 0, 0, 0, 0, 0, 0, 8, 52
"/Users/sheep/Desktop/web3_projects/zkevm-bridge-ui/src/utils/labels.ts", "TypeScript", 0, 0, 0, 66, 0, 0, 0, 0, 0, 0, 0, 0, 0, 6, 72
"/Users/sheep/Desktop/web3_projects/zkevm-bridge-ui/src/utils/serializers.ts", "TypeScript", 0, 0, 0, 198, 0, 0, 0, 0, 0, 0, 0, 0, 0, 25, 223
"/Users/sheep/Desktop/web3_projects/zkevm-bridge-ui/src/utils/time.ts", "TypeScript", 0, 0, 0, 39, 0, 0, 0, 0, 0, 0, 0, 0, 0, 4, 43
"/Users/sheep/Desktop/web3_projects/zkevm-bridge-ui/src/utils/tokens.ts", "TypeScript", 0, 0, 0, 11, 0, 0, 0, 0, 0, 0, 0, 0, 0, 5, 16
"/Users/sheep/Desktop/web3_projects/zkevm-bridge-ui/src/utils/type-safety.ts", "TypeScript", 0, 0, 0, 14, 0, 0, 0, 0, 0, 0, 0, 0, 1, 3, 18
"/Users/sheep/Desktop/web3_projects/zkevm-bridge-ui/src/utils/types.ts", "TypeScript", 0, 0, 0, 40, 0, 0, 0, 0, 0, 0, 0, 0, 0, 6, 46
"/Users/sheep/Desktop/web3_projects/zkevm-bridge-ui/src/views/activity/activity.styles.ts", "TypeScript", 0, 0, 0, 104, 0, 0, 0, 0, 0, 0, 0, 0, 15, 4, 123
"/Users/sheep/Desktop/web3_projects/zkevm-bridge-ui/src/views/activity/activity.view.tsx", "TypeScript JSX", 0, 0, 0, 0, 0, 0, 0, 0, 0, 0, 0, 456, 5, 28, 489
"/Users/sheep/Desktop/web3_projects/zkevm-bridge-ui/src/views/activity/components/bridge-card/bridge-card.styles.ts", "TypeScript", 0, 0, 0, 132, 0, 0, 0, 0, 0, 0, 0, 0, 5, 3, 140
"/Users/sheep/Desktop/web3_projects/zkevm-bridge-ui/src/views/activity/components/bridge-card/bridge-card.view.tsx", "TypeScript JSX", 0, 0, 0, 0, 0, 0, 0, 0, 0, 0, 0, 179, 136, 18, 333
"/Users/sheep/Desktop/web3_projects/zkevm-bridge-ui/src/views/activity/components/infinite-scroll/infinite-scroll.styles.ts", "TypeScript", 0, 0, 0, 14, 0, 0, 0, 0, 0, 0, 0, 0, 0, 3, 17
"/Users/sheep/Desktop/web3_projects/zkevm-bridge-ui/src/views/activity/components/infinite-scroll/infinite-scroll.view.tsx", "TypeScript JSX", 0, 0, 0, 0, 0, 0, 0, 0, 0, 0, 0, 55, 0, 11, 66
"/Users/sheep/Desktop/web3_projects/zkevm-bridge-ui/src/views/app.styles.ts", "TypeScript", 0, 0, 0, 77, 0, 0, 0, 0, 0, 0, 0, 0, 0, 3, 80
"/Users/sheep/Desktop/web3_projects/zkevm-bridge-ui/src/views/app.view.tsx", "TypeScript JSX", 0, 0, 0, 0, 0, 0, 0, 0, 0, 0, 0, 35, 0, 3, 38
"/Users/sheep/Desktop/web3_projects/zkevm-bridge-ui/src/views/bridge-confirmation/bridge-confirmation.styles.ts", "TypeScript", 0, 0, 0, 160, 0, 0, 0, 0, 0, 0, 0, 0, 0, 3, 163
"/Users/sheep/Desktop/web3_projects/zkevm-bridge-ui/src/views/bridge-confirmation/bridge-confirmation.view.tsx", "TypeScript JSX", 0, 0, 0, 0, 0, 0, 0, 0, 0, 0, 0, 455, 5, 32, 492
"/Users/sheep/Desktop/web3_projects/zkevm-bridge-ui/src/views/bridge-confirmation/components/approval-info/approval-info.styles.ts", "TypeScript", 0, 0, 0, 9, 0, 0, 0, 0, 0, 0, 0, 0, 0, 3, 12
"/Users/sheep/Desktop/web3_projects/zkevm-bridge-ui/src/views/bridge-confirmation/components/approval-info/approval-info.view.tsx", "TypeScript JSX", 0, 0, 0, 0, 0, 0, 0, 0, 0, 0, 0, 13, 0, 4, 17
"/Users/sheep/Desktop/web3_projects/zkevm-bridge-ui/src/views/bridge-confirmation/components/bridge-button/bridge-button.view.tsx", "TypeScript JSX", 0, 0, 0, 0, 0, 0, 0, 0, 0, 0, 0, 48, 0, 5, 53
"/Users/sheep/Desktop/web3_projects/zkevm-bridge-ui/src/views/bridge-details/bridge-details.styles.ts", "TypeScript", 0, 0, 0, 100, 0, 0, 0, 0, 0, 0, 0, 0, 0, 3, 103
"/Users/sheep/Desktop/web3_projects/zkevm-bridge-ui/src/views/bridge-details/bridge-details.view.tsx", "TypeScript JSX", 0, 0, 0, 0, 0, 0, 0, 0, 0, 0, 0, 377, 2, 28, 407
"/Users/sheep/Desktop/web3_projects/zkevm-bridge-ui/src/views/bridge-details/components/chain/chain.styles.ts", "TypeScript", 0, 0, 0, 7, 0, 0, 0, 0, 0, 0, 0, 0, 0, 2, 9
"/Users/sheep/Desktop/web3_projects/zkevm-bridge-ui/src/views/bridge-details/components/chain/chain.tsx", "TypeScript JSX", 0, 0, 0, 0, 0, 0, 0, 0, 0, 0, 0, 26, 0, 5, 31
"/Users/sheep/Desktop/web3_projects/zkevm-bridge-ui/src/views/core/components/header/header.styles.ts", "TypeScript", 0, 0, 0, 40, 0, 0, 0, 0, 0, 0, 0, 0, 8, 3, 51
"/Users/sheep/Desktop/web3_projects/zkevm-bridge-ui/src/views/core/components/header/header.view.tsx", "TypeScript JSX", 0, 0, 0, 0, 0, 0, 0, 0, 0, 0, 0, 36, 0, 5, 41
"/Users/sheep/Desktop/web3_projects/zkevm-bridge-ui/src/views/core/layout/layout.styles.ts", "TypeScript", 0, 0, 0, 34, 0, 0, 0, 0, 0, 0, 0, 0, 0, 3, 37
"/Users/sheep/Desktop/web3_projects/zkevm-bridge-ui/src/views/core/layout/layout.view.tsx", "TypeScript JSX", 0, 0, 0, 0, 0, 0, 0, 0, 0, 0, 0, 70, 2, 6, 78
"/Users/sheep/Desktop/web3_projects/zkevm-bridge-ui/src/views/core/router/router.view.tsx", "TypeScript JSX", 0, 0, 0, 0, 0, 0, 0, 0, 0, 0, 0, 53, 17, 7, 77
"/Users/sheep/Desktop/web3_projects/zkevm-bridge-ui/src/views/home/components/amount-input/amount-input.styles.ts", "TypeScript", 0, 0, 0, 37, 0, 0, 0, 0, 0, 0, 0, 0, 7, 3, 47
"/Users/sheep/Desktop/web3_projects/zkevm-bridge-ui/src/views/home/components/amount-input/amount-input.view.tsx", "TypeScript JSX", 0, 0, 0, 0, 0, 0, 0, 0, 0, 0, 0, 68, 1, 11, 80
"/Users/sheep/Desktop/web3_projects/zkevm-bridge-ui/src/views/home/components/bridge-deposit-form/bridge-deposit-form.styles.ts", "TypeScript", 0, 0, 0, 154, 0, 0, 0, 0, 0, 0, 0, 0, 31, 3, 188
"/Users/sheep/Desktop/web3_projects/zkevm-bridge-ui/src/views/home/components/bridge-deposit-form/bridge-deposit-form.view.tsx", "TypeScript JSX", 0, 0, 0, 0, 0, 0, 0, 0, 0, 0, 0, 420, 50, 35, 505
"/Users/sheep/Desktop/web3_projects/zkevm-bridge-ui/src/views/home/components/bridge-form/bridge-form.styles.ts", "TypeScript", 0, 0, 0, 35, 0, 0, 0, 0, 0, 0, 0, 0, 125, 3, 163
"/Users/sheep/Desktop/web3_projects/zkevm-bridge-ui/src/views/home/components/bridge-form/bridge-form.view.tsx", "TypeScript JSX", 0, 0, 0, 0, 0, 0, 0, 0, 0, 0, 0, 232, 113, 34, 379
"/Users/sheep/Desktop/web3_projects/zkevm-bridge-ui/src/views/home/components/bridge-gas-fee/bridge-gas-fee.styles.ts", "TypeScript", 0, 0, 0, 37, 0, 0, 0, 0, 0, 0, 0, 0, 0, 3, 40
"/Users/sheep/Desktop/web3_projects/zkevm-bridge-ui/src/views/home/components/bridge-gas-fee/bridge-gas-fee.view.tsx", "TypeScript JSX", 0, 0, 0, 0, 0, 0, 0, 0, 0, 0, 0, 424, 158, 51, 633
"/Users/sheep/Desktop/web3_projects/zkevm-bridge-ui/src/views/home/components/bridge-withdraw-form/bridge-withdraw-form.styles.ts", "TypeScript", 0, 0, 0, 139, 0, 0, 0, 0, 0, 0, 0, 0, 24, 3, 166
"/Users/sheep/Desktop/web3_projects/zkevm-bridge-ui/src/views/home/components/bridge-withdraw-form/bridge-withdraw-form.view.tsx", "TypeScript JSX", 0, 0, 0, 0, 0, 0, 0, 0, 0, 0, 0, 346, 29, 30, 405
"/Users/sheep/Desktop/web3_projects/zkevm-bridge-ui/src/views/home/components/deposit-warning-modal/deposit-warning-modal.styles.ts", "TypeScript", 0, 0, 0, 65, 0, 0, 0, 0, 0, 0, 0, 0, 0, 3, 68
"/Users/sheep/Desktop/web3_projects/zkevm-bridge-ui/src/views/home/components/deposit-warning-modal/deposit-warning-modal.view.tsx", "TypeScript JSX", 0, 0, 0, 0, 0, 0, 0, 0, 0, 0, 0, 56, 0, 5, 61
"/Users/sheep/Desktop/web3_projects/zkevm-bridge-ui/src/views/home/components/header/header.styles.ts", "TypeScript", 0, 0, 0, 45, 0, 0, 0, 0, 0, 0, 0, 0, 0, 3, 48
"/Users/sheep/Desktop/web3_projects/zkevm-bridge-ui/src/views/home/components/header/header.view.tsx", "TypeScript JSX", 0, 0, 0, 0, 0, 0, 0, 0, 0, 0, 0, 41, 0, 5, 46
"/Users/sheep/Desktop/web3_projects/zkevm-bridge-ui/src/views/home/components/max-button/max-button.styles.ts", "TypeScript", 0, 0, 0, 37, 0, 0, 0, 0, 0, 0, 0, 0, 7, 3, 47
"/Users/sheep/Desktop/web3_projects/zkevm-bridge-ui/src/views/home/components/max-button/max-button.view.tsx", "TypeScript JSX", 0, 0, 0, 0, 0, 0, 0, 0, 0, 0, 0, 61, 1, 11, 73
"/Users/sheep/Desktop/web3_projects/zkevm-bridge-ui/src/views/home/components/pending-list-card/pending-list-card.styles.ts", "TypeScript", 0, 0, 0, 127, 0, 0, 0, 0, 0, 0, 0, 0, 1, 3, 131
"/Users/sheep/Desktop/web3_projects/zkevm-bridge-ui/src/views/home/components/pending-list-card/pending-list-card.view.tsx", "TypeScript JSX", 0, 0, 0, 0, 0, 0, 0, 0, 0, 0, 0, 72, 5, 8, 85
"/Users/sheep/Desktop/web3_projects/zkevm-bridge-ui/src/views/home/components/pending-list/pending-list.styles.ts", "TypeScript", 0, 0, 0, 25, 0, 0, 0, 0, 0, 0, 0, 0, 1, 3, 29
"/Users/sheep/Desktop/web3_projects/zkevm-bridge-ui/src/views/home/components/pending-list/pending-list.view.tsx", "TypeScript JSX", 0, 0, 0, 0, 0, 0, 0, 0, 0, 0, 0, 35, 0, 5, 40
"/Users/sheep/Desktop/web3_projects/zkevm-bridge-ui/src/views/home/components/pending-status-icon/pending-status-icon.styles.ts", "TypeScript", 0, 0, 0, 30, 0, 0, 0, 0, 0, 0, 0, 0, 0, 3, 33
"/Users/sheep/Desktop/web3_projects/zkevm-bridge-ui/src/views/home/components/pending-status-icon/pending-status-icon.view.tsx", "TypeScript JSX", 0, 0, 0, 0, 0, 0, 0, 0, 0, 0, 0, 26, 0, 5, 31
"/Users/sheep/Desktop/web3_projects/zkevm-bridge-ui/src/views/home/components/text-match-form/text-match-form.styles.ts", "TypeScript", 0, 0, 0, 41, 0, 0, 0, 0, 0, 0, 0, 0, 0, 3, 44
"/Users/sheep/Desktop/web3_projects/zkevm-bridge-ui/src/views/home/components/text-match-form/text-match-form.view.tsx", "TypeScript JSX", 0, 0, 0, 0, 0, 0, 0, 0, 0, 0, 0, 45, 0, 5, 50
"/Users/sheep/Desktop/web3_projects/zkevm-bridge-ui/src/views/home/components/token-adder/token-adder.styles.ts", "TypeScript", 0, 0, 0, 41, 0, 0, 0, 0, 0, 0, 0, 0, 0, 3, 44
"/Users/sheep/Desktop/web3_projects/zkevm-bridge-ui/src/views/home/components/token-adder/token-adder.view.tsx", "TypeScript JSX", 0, 0, 0, 0, 0, 0, 0, 0, 0, 0, 0, 36, 0, 5, 41
"/Users/sheep/Desktop/web3_projects/zkevm-bridge-ui/src/views/home/components/token-info-table/token-info-table.styles.ts", "TypeScript", 0, 0, 0, 67, 0, 0, 0, 0, 0, 0, 0, 0, 0, 3, 70
"/Users/sheep/Desktop/web3_projects/zkevm-bridge-ui/src/views/home/components/token-info-table/token-info-table.view.tsx", "TypeScript JSX", 0, 0, 0, 0, 0, 0, 0, 0, 0, 0, 0, 164, 0, 17, 181
"/Users/sheep/Desktop/web3_projects/zkevm-bridge-ui/src/views/home/components/token-info/token-info.styles.ts", "TypeScript", 0, 0, 0, 30, 0, 0, 0, 0, 0, 0, 0, 0, 0, 3, 33
"/Users/sheep/Desktop/web3_projects/zkevm-bridge-ui/src/views/home/components/token-info/token-info.view.tsx", "TypeScript JSX", 0, 0, 0, 0, 0, 0, 0, 0, 0, 0, 0, 36, 0, 6, 42
"/Users/sheep/Desktop/web3_projects/zkevm-bridge-ui/src/views/home/components/token-list/token-list.styles.ts", "TypeScript", 0, 0, 0, 150, 0, 0, 0, 0, 0, 0, 0, 0, 3, 3, 156
"/Users/sheep/Desktop/web3_projects/zkevm-bridge-ui/src/views/home/components/token-list/token-list.view.tsx", "TypeScript JSX", 0, 0, 0, 0, 0, 0, 0, 0, 0, 0, 0, 233, 25, 18, 276
"/Users/sheep/Desktop/web3_projects/zkevm-bridge-ui/src/views/home/components/token-selector-header/token-selector-header.styles.ts", "TypeScript", 0, 0, 0, 55, 0, 0, 0, 0, 0, 0, 0, 0, 1, 3, 59
"/Users/sheep/Desktop/web3_projects/zkevm-bridge-ui/src/views/home/components/token-selector-header/token-selector-header.view.tsx", "TypeScript JSX", 0, 0, 0, 0, 0, 0, 0, 0, 0, 0, 0, 30, 0, 5, 35
"/Users/sheep/Desktop/web3_projects/zkevm-bridge-ui/src/views/home/components/token-selector/token-selector.styles.ts", "TypeScript", 0, 0, 0, 22, 0, 0, 0, 0, 0, 0, 0, 0, 0, 3, 25
"/Users/sheep/Desktop/web3_projects/zkevm-bridge-ui/src/views/home/components/token-selector/token-selector.view.tsx", "TypeScript JSX", 0, 0, 0, 0, 0, 0, 0, 0, 0, 0, 0, 138, 0, 17, 155
"/Users/sheep/Desktop/web3_projects/zkevm-bridge-ui/src/views/home/home.styles.ts", "TypeScript", 0, 0, 0, 67, 0, 0, 0, 0, 0, 0, 0, 0, 1, 3, 71
"/Users/sheep/Desktop/web3_projects/zkevm-bridge-ui/src/views/home/home.view.tsx", "TypeScript JSX", 0, 0, 0, 0, 0, 0, 0, 0, 0, 0, 0, 113, 24, 11, 148
"/Users/sheep/Desktop/web3_projects/zkevm-bridge-ui/src/views/login/components/wallet-icon/wallet-icon.styles.ts", "TypeScript", 0, 0, 0, 22, 0, 0, 0, 0, 0, 0, 0, 0, 0, 4, 26
"/Users/sheep/Desktop/web3_projects/zkevm-bridge-ui/src/views/login/components/wallet-icon/wallet-icon.view.tsx", "TypeScript JSX", 0, 0, 0, 0, 0, 0, 0, 0, 0, 0, 0, 29, 0, 5, 34
"/Users/sheep/Desktop/web3_projects/zkevm-bridge-ui/src/views/login/components/wallet-list/wallet-list.styles.ts", "TypeScript", 0, 0, 0, 29, 0, 0, 0, 0, 0, 0, 0, 0, 0, 3, 32
"/Users/sheep/Desktop/web3_projects/zkevm-bridge-ui/src/views/login/components/wallet-list/wallet-list.view.tsx", "TypeScript JSX", 0, 0, 0, 0, 0, 0, 0, 0, 0, 0, 0, 30, 0, 5, 35
"/Users/sheep/Desktop/web3_projects/zkevm-bridge-ui/src/views/login/login.styles.ts", "TypeScript", 0, 0, 0, 49, 0, 0, 0, 0, 0, 0, 0, 0, 0, 3, 52
"/Users/sheep/Desktop/web3_projects/zkevm-bridge-ui/src/views/login/login.view.tsx", "TypeScript JSX", 0, 0, 0, 0, 0, 0, 0, 0, 0, 0, 0, 101, 0, 10, 111
"/Users/sheep/Desktop/web3_projects/zkevm-bridge-ui/src/views/network-error/network-error.styles.ts", "TypeScript", 0, 0, 0, 38, 0, 0, 0, 0, 0, 0, 0, 0, 0, 3, 41
"/Users/sheep/Desktop/web3_projects/zkevm-bridge-ui/src/views/network-error/network-error.view.tsx", "TypeScript JSX", 0, 0, 0, 0, 0, 0, 0, 0, 0, 0, 0, 40, 0, 6, 46
"/Users/sheep/Desktop/web3_projects/zkevm-bridge-ui/src/views/settings/settings.styles.ts", "TypeScript", 0, 0, 0, 60, 0, 0, 0, 0, 0, 0, 0, 0, 0, 3, 63
"/Users/sheep/Desktop/web3_projects/zkevm-bridge-ui/src/views/settings/settings.view.tsx", "TypeScript JSX", 0, 0, 0, 0, 0, 0, 0, 0, 0, 0, 0, 76, 0, 6, 82
"/Users/sheep/Desktop/web3_projects/zkevm-bridge-ui/src/views/shared/button/button.styles.ts", "TypeScript", 0, 0, 0, 29, 0, 0, 0, 0, 0, 0, 0, 0, 0, 3, 32
"/Users/sheep/Desktop/web3_projects/zkevm-bridge-ui/src/views/shared/button/button.view.tsx", "TypeScript JSX", 0, 0, 0, 0, 0, 0, 0, 0, 0, 0, 0, 28, 0, 5, 33
"/Users/sheep/Desktop/web3_projects/zkevm-bridge-ui/src/views/shared/card/card.styles.ts", "TypeScript", 0, 0, 0, 9, 0, 0, 0, 0, 0, 0, 0, 0, 0, 3, 12
"/Users/sheep/Desktop/web3_projects/zkevm-bridge-ui/src/views/shared/card/card.view.tsx", "TypeScript JSX", 0, 0, 0, 0, 0, 0, 0, 0, 0, 0, 0, 14, 0, 5, 19
"/Users/sheep/Desktop/web3_projects/zkevm-bridge-ui/src/views/shared/chain-list/chain-list.styles.ts", "TypeScript", 0, 0, 0, 94, 0, 0, 0, 0, 0, 0, 0, 0, 3, 3, 100
"/Users/sheep/Desktop/web3_projects/zkevm-bridge-ui/src/views/shared/chain-list/chain-list.view.tsx", "TypeScript JSX", 0, 0, 0, 0, 0, 0, 0, 0, 0, 0, 0, 40, 3, 6, 49
"/Users/sheep/Desktop/web3_projects/zkevm-bridge-ui/src/views/shared/confirmation-modal/confirmation-modal.styles.ts", "TypeScript", 0, 0, 0, 50, 0, 0, 0, 0, 0, 0, 0, 0, 0, 3, 53
"/Users/sheep/Desktop/web3_projects/zkevm-bridge-ui/src/views/shared/confirmation-modal/confirmation-modal.view.tsx", "TypeScript JSX", 0, 0, 0, 0, 0, 0, 0, 0, 0, 0, 0, 47, 0, 6, 53
"/Users/sheep/Desktop/web3_projects/zkevm-bridge-ui/src/views/shared/error-message/error-message.styles.ts", "TypeScript", 0, 0, 0, 13, 0, 0, 0, 0, 0, 0, 0, 0, 0, 3, 16
"/Users/sheep/Desktop/web3_projects/zkevm-bridge-ui/src/views/shared/error-message/error-message.view.tsx", "TypeScript JSX", 0, 0, 0, 0, 0, 0, 0, 0, 0, 0, 0, 16, 0, 5, 21
"/Users/sheep/Desktop/web3_projects/zkevm-bridge-ui/src/views/shared/external-link/external-link.styles.ts", "TypeScript", 0, 0, 0, 11, 0, 0, 0, 0, 0, 0, 0, 0, 0, 3, 14
"/Users/sheep/Desktop/web3_projects/zkevm-bridge-ui/src/views/shared/external-link/external-link.view.tsx", "TypeScript JSX", 0, 0, 0, 0, 0, 0, 0, 0, 0, 0, 0, 13, 0, 5, 18
"/Users/sheep/Desktop/web3_projects/zkevm-bridge-ui/src/views/shared/header/header.styles.ts", "TypeScript", 0, 0, 0, 63, 0, 0, 0, 0, 0, 0, 0, 0, 0, 3, 66
"/Users/sheep/Desktop/web3_projects/zkevm-bridge-ui/src/views/shared/header/header.view.tsx", "TypeScript JSX", 0, 0, 0, 0, 0, 0, 0, 0, 0, 0, 0, 35, 0, 5, 40
"/Users/sheep/Desktop/web3_projects/zkevm-bridge-ui/src/views/shared/icon/icon.styles.ts", "TypeScript", 0, 0, 0, 14, 0, 0, 0, 0, 0, 0, 0, 0, 0, 2, 16
"/Users/sheep/Desktop/web3_projects/zkevm-bridge-ui/src/views/shared/icon/icon.view.tsx", "TypeScript JSX", 0, 0, 0, 0, 0, 0, 0, 0, 0, 0, 0, 18, 0, 5, 23
"/Users/sheep/Desktop/web3_projects/zkevm-bridge-ui/src/views/shared/info-banner/info-banner.styles.ts", "TypeScript", 0, 0, 0, 16, 0, 0, 0, 0, 0, 0, 0, 0, 0, 3, 19
"/Users/sheep/Desktop/web3_projects/zkevm-bridge-ui/src/views/shared/info-banner/info-banner.view.tsx", "TypeScript JSX", 0, 0, 0, 0, 0, 0, 0, 0, 0, 0, 0, 19, 0, 5, 24
"/Users/sheep/Desktop/web3_projects/zkevm-bridge-ui/src/views/shared/network-box/network-box.styles.ts", "TypeScript", 0, 0, 0, 49, 0, 0, 0, 0, 0, 0, 0, 0, 0, 3, 52
"/Users/sheep/Desktop/web3_projects/zkevm-bridge-ui/src/views/shared/network-box/network-box.view.tsx", "TypeScript JSX", 0, 0, 0, 0, 0, 0, 0, 0, 0, 0, 0, 112, 30, 7, 149
"/Users/sheep/Desktop/web3_projects/zkevm-bridge-ui/src/views/shared/network-selector/network-selector.styles.ts", "TypeScript", 0, 0, 0, 37, 0, 0, 0, 0, 0, 0, 0, 0, 3, 3, 43
"/Users/sheep/Desktop/web3_projects/zkevm-bridge-ui/src/views/shared/network-selector/network-selector.view.tsx", "TypeScript JSX", 0, 0, 0, 0, 0, 0, 0, 0, 0, 0, 0, 69, 0, 7, 76
"/Users/sheep/Desktop/web3_projects/zkevm-bridge-ui/src/views/shared/page-loader/page-loader.styles.ts", "TypeScript", 0, 0, 0, 10, 0, 0, 0, 0, 0, 0, 0, 0, 0, 2, 12
"/Users/sheep/Desktop/web3_projects/zkevm-bridge-ui/src/views/shared/page-loader/page-loader.view.tsx", "TypeScript JSX", 0, 0, 0, 0, 0, 0, 0, 0, 0, 0, 0, 11, 0, 3, 14
"/Users/sheep/Desktop/web3_projects/zkevm-bridge-ui/src/views/shared/portal/portal.styles.ts", "TypeScript", 0, 0, 0, 10, 0, 0, 0, 0, 0, 0, 0, 0, 0, 2, 12
"/Users/sheep/Desktop/web3_projects/zkevm-bridge-ui/src/views/shared/portal/portal.view.tsx", "TypeScript JSX", 0, 0, 0, 0, 0, 0, 0, 0, 0, 0, 0, 18, 0, 7, 25
"/Users/sheep/Desktop/web3_projects/zkevm-bridge-ui/src/views/shared/private-route/private-route.view.tsx", "TypeScript JSX", 0, 0, 0, 0, 0, 0, 0, 0, 0, 0, 0, 24, 0, 4, 28
"/Users/sheep/Desktop/web3_projects/zkevm-bridge-ui/src/views/shared/snackbar/snackbar.styles.ts", "TypeScript", 0, 0, 0, 67, 0, 0, 0, 0, 0, 0, 0, 0, 0, 3, 70
"/Users/sheep/Desktop/web3_projects/zkevm-bridge-ui/src/views/shared/snackbar/snackbar.view.tsx", "TypeScript JSX", 0, 0, 0, 0, 0, 0, 0, 0, 0, 0, 0, 70, 0, 8, 78
"/Users/sheep/Desktop/web3_projects/zkevm-bridge-ui/src/views/shared/spinner/spinner.styles.ts", "TypeScript", 0, 0, 0, 30, 0, 0, 0, 0, 0, 0, 0, 0, 0, 4, 34
"/Users/sheep/Desktop/web3_projects/zkevm-bridge-ui/src/views/shared/spinner/spinner.view.tsx", "TypeScript JSX", 0, 0, 0, 0, 0, 0, 0, 0, 0, 0, 0, 32, 0, 5, 37
"/Users/sheep/Desktop/web3_projects/zkevm-bridge-ui/src/views/shared/token-balance/token-balance.styles.ts", "TypeScript", 0, 0, 0, 13, 0, 0, 0, 0, 0, 0, 0, 0, 0, 3, 16
"/Users/sheep/Desktop/web3_projects/zkevm-bridge-ui/src/views/shared/token-balance/token-balance.view.tsx", "TypeScript JSX", 0, 0, 0, 0, 0, 0, 0, 0, 0, 0, 0, 45, 0, 7, 52
"/Users/sheep/Desktop/web3_projects/zkevm-bridge-ui/src/views/shared/typography/typography.styles.ts", "TypeScript", 0, 0, 0, 48, 0, 0, 0, 0, 0, 0, 0, 0, 0, 3, 51
"/Users/sheep/Desktop/web3_projects/zkevm-bridge-ui/src/views/shared/typography/typography.view.tsx", "TypeScript JSX", 0, 0, 0, 0, 0, 0, 0, 0, 0, 0, 0, 11, 0, 5, 16
"/Users/sheep/Desktop/web3_projects/zkevm-bridge-ui/src/vite-env.d.ts", "TypeScript", 0, 0, 0, 26, 0, 0, 0, 0, 0, 0, 0, 0, 5, 8, 39
"/Users/sheep/Desktop/web3_projects/zkevm-bridge-ui/tsconfig.json", "JSON with Comments", 0, 0, 26, 0, 0, 0, 0, 0, 0, 0, 0, 0, 0, 1, 27
"/Users/sheep/Desktop/web3_projects/zkevm-bridge-ui/tsconfig.node.json", "JSON", 10, 0, 0, 0, 0, 0, 0, 0, 0, 0, 0, 0, 0, 1, 11
"/Users/sheep/Desktop/web3_projects/zkevm-bridge-ui/vite.config.ts", "TypeScript", 0, 0, 0, 30, 0, 0, 0, 0, 0, 0, 0, 0, 1, 2, 33
"Total", "-", 18826, 129, 26, 5313, 14, 19, 24, 10, 594, 7, 80, 7138, 949, 1469, 34598